{
  "type": "carousel",
  "contents": [
    {
      "type": "bubble",
      "body": {
        "type": "box",
        "layout": "vertical",
        "contents": [
          {
            "type": "text",
            "text": "進数機能の使い方",
            "weight": "bold",
            "size": "xl",
            "margin": "md"
          },
          {
            "type": "separator",
            "margin": "sm"
          },
          {
            "type": "text",
            "text": "次に示す形式で",
            "size": "xs",
            "margin": "md"
          },
          {
            "type": "text",
            "text": "メッセージを送信してください。",
            "size": "xs"
          },
          {
            "type": "box",
            "layout": "vertical",
            "margin": "sm",
            "spacing": "xs",
            "contents": [
              {
                "type": "text",
                "text": "{基数}={変換したい数値}",
                "size": "lg",
                "weight": "bold"
              }
            ]
          },
          {
            "type": "separator"
          },
          {
            "type": "text",
            "text": "基数 : 2 ~ 16 の値",
            "size": "sm",
            "margin": "xs",
            "weight": "bold"
          },
          {
            "type": "text",
            "text": "数値 : 1 ~ 15 桁の値",
            "size": "sm",
            "weight": "bold"
          },
          {
            "type": "separator",
            "margin": "xs"
          },
          {
            "type": "text",
            "text": "例）10 進数の 1234 を変換する場合",
            "size": "sm",
            "margin": "md"
          },
          {
            "type": "box",
            "layout": "horizontal",
            "contents": [
              {
                "type": "text",
                "text": "10=1234",
                "weight": "bold",
                "align": "center",
                "size": "lg"
              },
              {
                "type": "text",
                "text": "→",
                "align": "center",
                "weight": "bold"
              }
            ]
          }
        ]
      }
    },
    {
      "type": "bubble",
      "body": {
        "type": "box",
        "layout": "vertical",
        "contents": [
          {
            "type": "text",
            "text": "例）10 進数の値を変換",
            "weight": "bold",
            "size": "xl",
            "margin": "md"
          },
          {
            "type": "separator",
            "margin": "sm"
          },
          {
            "type": "box",
            "layout": "vertical",
            "margin": "sm",
            "spacing": "xs",
            "contents": [
              {
                "type": "filler"
              },
              {
                "type": "box",
                "layout": "horizontal",
                "margin": "sm",
                "contents": [
                  {
                    "type": "text",
                    "text": "2 進数",
                    "size": "sm",
                    "color": "#000000",
                    "align": "center",
                    "gravity": "center",
                    "flex": 0
                  },
                  {
                    "type": "text",
                    "size": "lg",
                    "color": "#111111",
                    "align": "end",
                    "text": "10011010010"
                  }
                ],
                "backgroundColor": "#F5F5F5"
              },
              {
                "type": "box",
                "layout": "horizontal",
                "contents": [
                  {
                    "type": "text",
                    "text": "8 進数",
                    "size": "sm",
                    "color": "#000000",
                    "align": "center",
                    "gravity": "center",
                    "flex": 0
                  },
                  {
                    "type": "text",
                    "text": "2322",
                    "size": "lg",
                    "color": "#111111",
                    "align": "end"
                  }
                ],
                "margin": "md",
                "backgroundColor": "#F5F5F5"
              },
              {
                "type": "box",
                "layout": "horizontal",
                "contents": [
                  {
                    "type": "text",
                    "text": "10 進数",
                    "size": "sm",
                    "color": "#000000",
                    "align": "center",
                    "gravity": "center",
                    "flex": 0
                  },
                  {
                    "type": "text",
                    "text": "1234",
                    "size": "lg",
                    "color": "#111111",
                    "align": "end"
                  }
                ],
                "backgroundColor": "#bbbbbb",
                "margin": "md"
              },
              {
                "type": "box",
                "layout": "horizontal",
                "contents": [
                  {
                    "type": "text",
                    "text": "16 進数",
                    "size": "sm",
                    "color": "#000000",
                    "align": "center",
                    "gravity": "center",
                    "flex": 0
                  },
                  {
                    "type": "text",
                    "text": "4d2",
                    "size": "lg",
                    "color": "#111111",
                    "align": "end"
                  }
                ],
                "backgroundColor": "#F5F5F5",
                "margin": "md"
              }
            ]
          },
          {
            "type": "separator",
            "margin": "md"
          }
        ]
      }
    }
  ]
}